9.85442118334181,-3.108867015255636
5.800457248052325,-1.259800482406026
32.214019458520795,-2.401276647754404
35.538527030449025,10.263230165772494
15.516531932935086,-1.1415540405648423
3.5722604260590067,-26.118994554182187
15.40469194315834,13.331335661349211
24.53264565232836,-1.5936972866118109
16.703119704951817,7.615352974120453
10.441949979917968,15.128338132841163
1.437524635418086,26.059975132666374
31.27723636571234,3.2921745662448285
32.109165503209404,1.614603035058087
26.794547725277642,-0.8263283718898808
29.12415491096455,-5.061975291101676
20.764664106626537,5.640270543070941
13.804693577563338,10.127726399741725
24.149972926773444,-0.6914483543982941
42.756603607141415,-5.739225208343313
22.859613107144018,5.916977774965892
37.416721711490574,4.151260528735904
38.707516969824084,-10.627983274801116
34.46206552921474,-6.414886448119372
30.802442112566712,-0.9749036563662603
38.166841075350874,9.87876711242823
25.568984412998145,-5.124734497332444
26.731934856801807,-19.42398440461897
13.378065187919196,2.983438452509278
10.037761882137264,19.329664975549356
26.32445018105797,-1.0383062861389125
25.669972644995344,1.8808466050257988
30.132450728136263,4.522629717167673
21.079646115642063,-22.836463961567098
8.960412046684496,12.752346264945881
25.78828962973615,-1.7109674730470523
31.571902957057517,1.6138146304142247
13.748148081864338,6.165643143550039
24.245666702465346,2.226305051670019
16.22780907527285,-14.10436013341404
21.503982203305657,-3.3773057098850403
16.669151356074998,17.387241682871476
38.596265166224924,21.283015635603434
22.104368856035965,-4.071273287384077
8.507284860246223,4.413587567218391
19.786660337679127,12.434968146181147
24.683804425251658,-10.428791947938763
19.84909104379367,11.522139209389618
19.124215241715753,0.4999753555683568
21.89611177238802,19.659776507267182
24.622257694011434,-5.532078482040604
34.161012022997355,-25.181991926979627
18.307992433489723,6.752894396626113
-2.9315891493019954,-17.287795444527774
28.88155764307779,-3.08087955576414
5.220246067943851,1.1442971741743633
22.938836589027648,-3.239733505131519
-10.028025779313587,9.606799510514232
32.664657354142875,9.01548301832536
27.76969378076187,22.321529188756685
10.840279780091144,10.03095024357663
13.881961142415653,-1.603595103476159
19.145002935802086,3.7701370650141772
14.344779878836887,-6.106796339655318
30.82954574999279,12.546481270118079
21.0690697304815,-4.320109436034225
26.596561341836846,-7.4360336567470195
35.70096530751457,2.198038217207606
18.300378618583256,10.782289435070219
30.211592384103966,-7.538686361283762
27.15694455651304,-5.240472139961703
16.850684276722546,5.85816181965329
34.95037279890447,4.79014115982073
20.62664964864585,11.852650995980117
14.033559482611288,-17.860628872131805
23.319927293538356,-6.798967602267863
9.951663060753138,1.3239370932052716
14.990385571778493,8.695434573896542
-2.6098972842744175,13.037146218858473
19.34616428157882,-4.108157693209349
6.940503368579579,-4.625244832669239
15.717897402187432,0.9548636174377839
11.866773395804122,7.271207649054595
24.46329195587681,-5.453853003956973
30.831412146884823,-4.60083304954381
20.976230567675444,1.658741722922419
21.514661654867368,-4.456855303665011
23.333053657065516,-3.633030008911156
17.78050658781735,5.1749834722122365
26.202515163696177,-2.667033965441422
15.47413582572386,7.67460336396864
34.62060658472209,-5.46690328333863
10.024794457316805,14.392349411196404
32.843964656901306,25.583102905337604
41.36324548914903,-3.253663340277341
40.13679246140476,-1.1583123080227766
22.467215289050845,18.524850877279135
11.745546975249148,-3.4797687633144143
22.55046944204784,-13.291409587981581
22.56700526104978,4.865588851679561
17.73606605027986,3.3183827095055984
34.56713189045953,4.647414190648832
30.52425101497999,8.232927505606018
16.83780067478922,8.682889159739013
10.621763504748232,3.311924094095825
5.14249974487638,16.0050729989117
32.889634281343405,10.2009059432348
19.063319702520815,4.013820929445116
25.655064998757787,2.859305698344686
19.57360890995265,5.38536356462476
11.629641414218701,-5.00644663337034
10.678382829751254,-7.9934316691608736
5.673351762598605,-2.689201752200037
21.956347819973846,14.903853305786708
24.63452992904422,-2.490269212832029
19.92367954354212,1.0723393774066663
25.163349771494943,-3.849423885621688
13.934383759775496,0.897928456975454
26.676517271532298,-22.230523165386245
10.699116046025935,6.656478974906575
36.35546847246789,-5.581172718053842
22.797676599627692,-3.955163109261097
24.707520155472803,-6.5816717956951525
22.469875732201913,-6.0034441143727655
32.80715026305458,13.316596379573559
12.948987586603094,6.897376671502043
34.086194911331134,11.393973903523532
7.705758030539624,-1.2188413404138982
41.38570715099257,8.21546206665402
10.155514300138032,3.3152727856432085
22.761954754047945,-5.777384504020019
20.251633003321395,9.239402926439533
23.5151227341682,-2.7059234814231914
-4.473432721625365,4.012547863634764
26.808617804737125,9.430395162564562
36.79287619461937,-5.039561169139217
23.255364963102053,3.948680033786476
28.391216300443823,1.8458480866779488
17.421812485778293,6.573656151945798
31.25559723850596,-0.17344636890506715
33.167196990731654,11.422113410309247
19.985265848415395,7.165347931545213
30.241895848376252,7.233887411248451
31.20713001738716,9.791009262923225
36.871255248215576,12.139873839310207
20.912987594108706,-6.404154595032404
25.197993291356497,6.056394701927074
3.4814021799142694,-2.535419811276186
16.52918679442056,-5.211187254627947
31.39927200438011,-31.784399187364762
27.27328413130783,6.419094507322709
27.27214711281765,12.189116220217262
30.032520012123612,16.414709341049424
-2.026419250994387,23.43266486073629
16.623204783990197,-5.422452815979421
21.299031822177227,-2.203175675494217
22.648015116615202,-4.176771161523862
34.49902982972934,-4.135887755070583
6.696961568802685,6.842494180152768
16.9989215883689,3.5109833222633964
18.986995997919628,12.065224766586924
24.326793088843566,6.333575386035976
18.347544225944414,9.747596475069951
29.824931112144018,-5.487326226603683
28.299834505392198,10.670891387947396
32.22728201923347,8.082990893000083
41.444193961943206,-5.052667665379687
11.146409709201336,-0.9814232408659644
22.88788004176795,-8.081447796441003
13.645619352205545,-0.47118950197292
19.36228031627006,-0.3872897277502019
14.835681576234945,1.569494359138707
14.696065772391236,1.1704728273027842
31.1007944479773,-6.321413393951988
-1.2077949106374462,14.360794924528843
21.419844610704686,-10.475780908286225
10.619065712388817,-1.1596235466269107
4.528263261271807,4.236557698398572
30.529643127759,6.774061635520233
30.072438952595345,-13.922951047488212
3.477242949514814,4.696157469129902
30.72124199425923,-1.471551097244622
25.22947465932888,-0.4786448351071302
28.771642933685907,-6.567636585490947
9.273289506412112,4.0564172390909485
14.793490055976578,-4.3466387847506045
21.853529849917944,10.258395873473127
29.34335075403594,-5.632412726227514
20.3932592773802,16.21353513753423
20.59933922991743,-1.7536695368604445
20.58416785744882,3.730346383160915
21.990228473126773,-8.616199894131936
32.702759494566514,9.455230210656797
30.76249645197901,15.57721721249658
16.220561900961282,-23.119283402637343
20.92265749623723,5.387886121080123
34.96947197871147,13.824838094864221
22.6022558451465,-8.436976724074325
33.475808962069934,4.246507251569083
18.072273145385,-0.34481200606152207
15.871930445828413,21.166470798377922
62.49379443163085,14.137959003411272
76.4468080682976,9.346707516516494
66.32910826962485,-10.696122695009375
66.07655518169615,-2.6980990748660996
73.18260712047943,1.5671466204725253
81.80293519123506,10.018465585901842
57.36339042224438,-16.715452984931904
78.45651262294591,10.929742790170987
75.1678975954466,1.8207045329196658
71.69354172396231,6.991499824721608
73.17748069283421,9.170208190018785
74.57684644323588,-3.821951389765411
79.33368749033163,4.450648693486171
49.362677553721326,15.798609651869144
53.01659208016701,14.168918431375015
62.128631487663924,-1.0620175110932184
61.81342771530099,-0.5621025830391924
60.98363745282248,-5.8074867752240635
52.36566890859948,0.7337920845540282
74.17121329450664,3.396944608147141
70.2579471925961,11.978407059490811
83.20265608817682,16.001594218248986
70.2242228993269,3.2125563952591207
64.14675552134237,19.224133999633146
53.3716127154797,-12.55787271092916
74.00616347709921,10.654983441457547
69.11051352483223,20.517839919432625
67.48944366308777,13.68029548835298
73.57775034822171,-9.204268328716527
65.08171658185753,-18.986957702207
66.10946461787758,-2.0679342133563146
62.82686084862815,19.66291297315829
71.500769291749,-8.462475652845708
63.592605115653484,4.265170284013081
73.23403742057876,-4.269615669790701
67.33576274843024,-15.944080651573255
67.7036270350304,6.868382320618071
70.18722557761352,13.171418742351255
63.99699112967223,-8.29424661072644
65.93213644762078,10.652150153635883
79.80760535455441,-6.942138699126776
79.67557959103728,1.575152394554588
63.114430312862,1.938049575369533
77.32297252190259,-6.845749831824845
62.65403749557702,-13.089816710329103
66.47682912165112,4.407799217864246
66.21819428882492,3.1925632923122804
52.37121297470351,-4.017680629084797
77.72549642071114,-11.193125586098947
66.33017307344625,-6.635806016094017
67.62975614845173,12.495856617596152
66.61460217193752,12.673840217227363
61.34339780048658,21.62385125163247
59.33719842350478,9.945187971769055
42.336787485932284,-18.332177927176055
84.0315934097184,12.503772889601333
71.94772192555808,-16.956319161120522
93.78501472284063,8.991180685636884
67.33966887362135,12.312263782475643
78.00692603782952,-12.532163209926548
67.72130554382373,3.1986555821268317
67.81189409865395,2.219160748773954
44.58971433687421,15.981761173054053
68.09752656575662,-4.599590472646938
73.94618653665793,23.337685276161405
51.25323698134008,-18.43467062437883
69.05083727552774,10.620993216378183
78.36326650995244,10.8455460019306
48.668716789997944,8.820171438356647
57.15035579961576,4.829140301858471
83.57764358461611,-15.387256046082655
60.19388334916994,0.41130040787071964
59.679566910575474,7.485587407556041
70.92801968586748,10.603327098009627
61.496194245057374,0.6975719683437929
43.21871289168307,5.368692274921305
69.74441581752336,4.494993890070629
60.12775423164302,6.179272251039524
68.65085320339281,0.07508232777145496
62.84249218924871,-15.413186800851065
70.6235098162083,17.77349436383345
64.15985616965457,-2.037587266917336
91.20956303061584,-4.119435906632626
67.77845759176176,-1.035063704166816
68.69558829841607,-5.416435399317031
57.40999390056651,2.429074694887016
58.28509699028356,-20.709764525113567
61.725153711737875,-3.4663042662161057
70.24200278121138,-11.332852576469842
42.05617463390231,-6.616902771864055
61.50500087672554,-2.350359211530646
58.095391387666425,-4.81301407800253
56.66487384994897,8.278371167562725
53.33708881236394,1.8055868964891197
61.57027586392738,7.283948229160462
82.94972490546158,-2.6886760330196515
72.38983293179568,25.74004267663775
67.3723058446228,29.18431478106056
63.287610444014746,-2.540178968808289
59.77681706525114,-7.535338207795089
80.88508570439046,10.373886779886682
57.57342765537234,9.004053041865332
59.879101752551776,-0.9449808000643811
65.55101461953879,-9.541069639690992
68.95896112392197,16.17662654166468
82.97782584092718,10.767970781970574
69.32650220832458,-2.462693840479845
64.05133584009391,-3.6148344189016837
62.89654260833177,-4.256372193714524
71.04216580564132,-8.263076103626632
72.39849409163463,20.044145514460855
69.84178918593902,12.96604102213104
75.47103105337028,-9.871388791685288
82.82512416631428,-11.696844719145068
63.883526336047595,-2.0048711161352464
66.53546327486393,2.387082305431959
62.936670311041766,-0.8666748598334224
68.3551399505734,4.875636820786104
77.28239648993484,14.746853550970433
54.645852136191586,10.21535203622081
63.51597745692571,-0.43660949779068137
69.52495318437246,-13.948296306614711
56.559849825266795,9.488817166177165
73.68104274215311,2.29824200592965
66.04778653329842,5.714039565815188
63.14248751107786,-7.986715353149229
69.19664062884311,-9.348722453236714
61.23959042371929,14.808212841961382
76.6578073126749,-0.23160446674642943
67.90870928933354,-19.587986810407845
74.58149190383669,-2.7605441724037925
63.566901686363245,4.329456270427265
66.03417822839705,3.406047464628575
82.9351017218806,14.012232664556198
53.135839477200385,9.130465593446798
62.23275852709146,-6.005251281383387
63.530801553337376,-1.8271757041173227
73.48648820060045,-5.586727070865063
83.35975535555254,-1.6688320355980326
62.95167367378173,-9.934528384386162
57.98408884022999,-7.895847383188208
74.61770829523746,-8.1193713649674
73.40012850525461,-20.10361524976035
85.27689680738044,-9.305681406013111
72.1047337876701,-10.052391541095073
44.11374613804013,8.658749111586614
61.4521623841149,7.486696715727181
69.04702501047989,8.728135790895132
55.63667531157148,-2.5576785130151953
54.73758205968326,4.793286947896146
66.02889985175945,17.553521816614886
66.52562090315348,-3.9847745309098515
66.86049958601383,7.392581722913317
72.38197987424894,20.575160742659335
65.69212433217098,-4.118969444113368
65.95985601705641,-14.608013611492677
60.78956547644407,-2.135012925314182
64.64305827201439,6.9459269336841025
54.350364444391886,16.017976831249353
53.45032307599695,6.491458463230786
72.81749540294929,-8.59215529401459
48.07569699766208,0.08098763293577305
65.90679220565332,9.185861409682754
69.41514256387886,4.115793252860318
73.52249094198619,5.123027506649496
71.16544185916197,13.9864656912502
56.77656531324435,13.461426454040883
64.93566700364772,16.645562286823267
63.63506260956074,5.917160380282086
80.40621512971222,-8.009372774333459
76.63479167063907,20.393817455291586
82.63795825082958,8.619819039911565
73.9847377320065,2.5929460862695968
63.40190836942236,6.7805898784361265
82.63205199647945,-8.77012520350198
77.00137665206955,8.179156468900613
52.10818768462724,1.9089136609176163
74.00328412464509,-6.970948862197199
69.72889159563978,-8.315359474270084
81.66761398596047,8.18296199848204
94.7520707509722,2.7788891639531212
63.06044503360614,14.777896197048905
57.80216795074869,-0.7066499413440215
55.94762875616872,19.004274815586875
73.51125841599648,9.037786669719726
53.336817185982184,7.685041517607264
63.55147648882101,6.892693584765558
58.65317142775849,1.4824709672400291
67.66669364905906,-8.884392651810954
62.4219684144851,10.802719794028302
63.119896879248664,25.01095485762585
54.66155152785496,2.3094544117648463
71.53798319178014,20.09111904806922
79.80684623977392,-4.541083113036773
66.57675922766836,6.1907641271191185
66.84412687027046,-0.14615812051440047
71.04250791421487,5.9086699554875
64.95996293938596,12.408171729064302
78.24961752603883,-9.378405299457455
91.19222560835463,8.794091287773695
24.680135133209504,87.6690751042564
20.632801699492145,109.18508852892946
26.254821255058328,96.36018848259145
8.968523744408246,107.2465900696087
15.869031649560267,92.85836629194563
24.584724284984976,113.70235038197563
27.047810612403172,100.2629087877921
21.10793113257675,106.05401945112844
20.241404399863697,101.33230285037033
17.139889929225436,95.5694622543386
29.969079532043086,101.4574133983443
23.03775488761366,95.00042770876672
22.550102441121062,91.4985014355529
25.472741216704634,101.91041783240826
16.2234655363912,93.8244332010745
26.223559001652646,95.40750446925395
4.63018072020369,113.85579399550817
34.45588166255426,88.49095668386029
38.49849616718987,99.64870869977503
17.806394500435132,93.35398516807292
25.2819717014886,109.50157372267776
41.59319543006201,99.12446031608224
4.938183913317578,105.29811279831692
31.076846045786574,108.81822078693179
10.513194625099725,91.96484448165867
19.626410664370464,98.79509208673174
29.745878933196614,84.84823300904233
23.546987510326876,98.22340656925482
21.842826029677703,102.82762998811282
4.807131028254624,102.24537335576906
34.540716239525025,111.68330028715316
40.616418266404246,101.593065700371
15.449834925117074,99.49879175843682
24.545664294369963,93.50840466043337
2.1760952311463075,93.81670797318228
27.22428545547608,92.50122265477792
8.417817954205653,108.85586759546618
34.1364618494151,97.49210767792574
7.328836515436613,107.35424769120209
10.739652717656595,102.5439313144602
32.83880293632256,92.71539942106202
25.537100956922927,99.84777291181356
25.654175890012468,99.15285551000909
25.317425722503245,104.14454191385667
16.15314768805559,107.50924723276542
12.688397704618783,99.39634698550165
19.675636921042575,101.51563183061533
2.4650155045010536,107.5449532861384
17.683479100263288,95.67441811449524
26.23868259909292,120.52668268307548
39.57279265198002,87.69824225148247
12.648278536365046,77.4469708511818
13.438709640307628,106.32178606051296
12.799045848397409,96.52606576666847
12.38807086595877,92.25798720513967
14.817266492773236,93.70148277936319
30.45044727947379,113.71535126938184
15.399481294617404,104.54854913147533
23.29001497983644,102.14870954712022
16.022976620868135,93.2625410155088
14.31040199822828,98.66607457409154
9.810667665013396,95.47023274404003
4.600771836998941,102.20494753697409
3.8977653163172405,87.62573756970667
25.410385243660297,94.33298075866698
30.737143048126406,96.56088299140438
18.519610682439755,93.0735177879605
33.92469000473832,108.22202423666216
8.151122068869324,98.1515530619297
23.024543753159808,98.56078365329827
29.94809685004849,118.06689345305358
17.331816897137656,100.4068612947416
3.5721487350051593,88.73141011956241
22.441192306928983,110.41517168923971
4.21837808044576,96.2423972920827
13.816828462207283,95.16850324797971
17.160964153005306,121.35987523309825
10.39243006890241,95.21451584344533
12.211387318562977,92.15725598148022
1.3518537401035005,116.61698076926585
23.940122541274153,102.08356008380602
22.755151964704616,100.93505256106754
21.86020246582733,90.28850537849011
22.497404499826118,106.93291969441418
7.191868950248601,99.28549511840559
10.550353752739982,112.7687976386431
10.458021940935222,87.76193349905117
30.670123234900387,111.90484128899725
40.742227563925475,116.1050884787278
7.805823264725792,106.65083821903664
26.799473603247357,96.5753747179224
16.667328053802873,99.2848510868798
17.920056753107765,106.46755938688477
5.004369425934465,112.76023542302774
14.107592233136181,94.48055799555947
27.39557804493822,90.88221316701573
24.48410109805853,94.57587613528935
8.587682765638528,95.5779021313221
27.206521383710303,104.56143290572301
7.186272165409417,104.87969072721515
18.833019983240913,101.13181659920936
26.651152370759302,119.0812924114073
19.608948070312735,81.6945656373135
0.6824471541960975,103.36576582423116
13.505942785721961,101.76996069459466
19.73097125932041,102.59923815833548
17.348598515035217,87.53899933804169
24.62449812744306,87.20249406167258
7.922281789918971,94.94801284061526
11.40082118765182,97.15618790843773
7.457057731221047,91.56037786023963
35.12431222361613,84.46581346748485
5.3305384843436965,116.68595796382564
29.657869769443252,109.22576376099532
38.929378857918664,111.54707079242061
13.412108660235647,99.07670132330124
17.3878406648433,102.68807111090692
14.753198615100366,79.42025451648355
30.177535132601967,99.23741433179364
27.15924954992859,92.99681638574721
27.18144316478138,83.61639671924141
17.639281117469043,109.98977978272372
19.094613200994026,97.79361214071412
27.112461272370233,103.6512431783544
6.150919022826109,120.6001354851751
1.6374100354816044,101.53992830050632
23.567318610638445,104.83683341633241
18.925291544370467,81.88486116558855
19.35673983685916,88.27998577648252
23.403741437126016,90.85383428683232
20.970074367681587,109.16333827451797
28.352112673494396,112.52563520953552
10.153796562238654,95.21233905817294
24.911835242805594,97.46254483712326
48.74013357569058,107.57735105419005
3.195744560857058,85.67511622858098
10.517272368557325,100.9348432375363
29.00097438268805,106.95378751691807
19.946525210860973,95.56663735082076
14.81381675080133,109.87860948976525
28.260395851590864,93.75250149844663
30.45808327354369,111.43544681140428
2.0088281793474003,94.63872361527251
4.775529097440479,104.07503514252028
32.735674400586205,87.71130227764151
11.874134789178314,81.94068228599559
13.366090570658438,86.53828926069815
18.923669271437014,95.59220408599869
24.64124101390569,92.59271375147975
41.13497346004907,115.64559441706737
16.23211492427697,83.57040664877155
14.63887944178779,86.10756905171107
23.218677865910365,82.81201033824952
0.8054812582460329,102.27762458764295
28.673447321160623,111.03964947302498
14.074794500196425,106.80281040384699
16.627225404971792,79.47672193368071
38.21684731060131,93.1548810998219
20.772728363821447,125.60245722252024
-5.105895236034655,101.18516848455683
22.170086267642496,103.19305163889234
36.782689708929006,124.45334922737518
11.717393203918842,101.59066005322215
28.82098393362991,100.61127039310527
17.355557393600947,98.70549154524774
23.65112083890378,97.7133488183213
23.2953427714881,101.0004803377009
-0.8236366846842778,85.57525010449679
12.911406432214328,109.1789240126283
18.27676604573884,108.9673359061688
33.63939411786744,98.24785636925019
19.410576598189817,81.14197571922801
9.224369924363948,107.12136825785646
21.495604700376227,95.64285684873063
2.234060071622677,122.61311076085097
23.697472855948288,95.23639704093146
4.737134440271525,91.32403034558611
-0.8134591569404996,111.35584707407293
18.65242034863373,103.33143787941405
-2.1410128594065014,97.19889047196872
16.84471493154178,93.28085492827704
24.72830123800546,77.4228069236262
23.8566971352488,90.74449852237296
32.76539843493224,91.63843043955171
25.939420457048676,111.04065531952794
13.277121784219672,106.43112410864885
13.411537537350846,87.69740326099802
11.609691494986961,112.19061441880979
13.963153491743562,100.68785911376371
26.380336330899663,92.87679230430923
31.08788362859404,90.79140093949191
28.089836689324425,88.56703577606977
8.264625174172442,99.05817357713725
-6.082123932819584,99.8304919484663
17.961653666842103,86.00699467543431
19.854164268402343,98.63946719428635
19.965431753335665,93.26259665294354
5.555933657633087,96.14451965806525
14.200437079388962,91.77919511286255
6.809595017152088,96.0666625967264
9.557412489156093,12.097974351592821
11.451601553700664,20.629178208515718
3.412701747685798,6.292496472886267
-13.644500265462417,19.432657161440503
11.135158696149578,17.26498917041831
-5.243518932438182,14.719799248153317
3.5621254858030795,8.452455179430167
22.50801515155647,7.354251608578201
-7.696608140360754,15.617259281721806
2.9391201526177664,12.088488984875964
1.3766192470587804,5.068029262576017
8.460773553259992,4.493979928928358
21.151351173978433,6.284051425827778
10.88768660176289,20.316085385312014
-6.147895379692132,28.872316219526674
13.071356957105571,23.437684548299472
1.9601446200306913,29.451143392542093
2.626662131293232,16.026354610787482
13.441680533387013,1.1003041563836415
-9.900219342102277,12.64087255085946
7.661652234132505,23.53632759574402
8.581551070309054,25.182382934544222
27.719328604930332,21.608043142923574
3.949628196488119,24.927851334533514
4.636176961030072,10.692676012862057
2.765608955915045,20.639154718539835
25.834311074943685,16.957154096656613
3.3196608510680594,2.063312957532421
10.087157413389527,27.705838354600214
4.862962937910326,18.569109826912815
-2.936376991445144,4.7312193232802375
25.9587347249064,7.313741428348722
-1.1472263964114209,16.668406937656965
16.74488636569066,14.414700180556686
5.974635415199951,20.432091586030218
11.93316586158297,25.223023703055638
10.523017269947353,13.587851538143802
16.213699932420866,9.594307288292148
3.444404195155223,-2.4580495543790892
6.958903617750039,32.85390161169462
16.796636929975563,7.014933010640588
6.102736017202557,-2.080461807245692
12.6704891517527,20.928725222319912
4.66639519365496,10.58815256498452
11.980941251791034,20.89307840947523
-6.221249873180776,8.025439929267915
38.471446489411086,-11.262095904717897
14.855057051368602,24.622621884035137
20.36412491183659,26.073911276564353
4.489983351279273,21.30784263928488
0.5983575066169102,15.515262074090112
8.376656595452442,25.1609325861514
-11.412418414959808,22.71539746213911
11.78944242389176,18.904408912891984
1.4878899288217697,9.893171108465548
9.8740591039701,21.436590934330063
17.91993548850556,9.930766706099163
9.085959477901133,11.439394601989434
-4.1564217610602565,3.4967565285474524
-2.0720851280694834,1.2175995455631998
10.781360546926225,22.329843289266673
2.0891147725072052,15.967570122167254
12.88104771648368,7.432478428768977
0.7232799658695459,26.005314707647692
-4.525704503540901,21.267850288516698
1.5814366182123614,-6.78130471202765
22.623653038885948,8.307547759542636
22.47450230122505,-6.405802846877046
-1.978167024895722,-6.407927994623337
7.547145298003272,30.77875353242508
14.98492107606112,29.495102158028434
12.34890536921356,10.589895639241504
21.603594597170776,2.7619539037265195
13.64385721497286,4.043039828875289
-2.468918639622146,19.71865523513212
-1.93761925932621,8.50020918349208
19.256086068833696,23.778356162520144
8.270464064286404,28.740364978371268
2.3361868774685313,15.486686711086346
1.8921391316103913,11.533496334408266
14.20188158422031,5.106873022655545
22.86643068483358,28.883351317369844
4.308776700636875,16.55968666743815
29.156875929140107,24.342638545716092
21.737381718412763,11.648934621345077
-3.3883328248128155,13.083294955323135
10.898383404434401,4.702160492964451
16.044200153893435,19.628971851983422
12.260275656911979,11.665469350410646
22.370861303657755,13.809644778260791
-2.65919144793496,18.467148855977072
7.116467861743049,7.451172492214596
21.994875184749255,19.407428919314196
9.307647586823228,25.999592162885598
-3.9989396823252914,34.61514889658335
23.303457338373395,13.79105801272436
5.213292536407657,3.024901486280479
2.89027181144281,27.765759651906787
27.261681023345524,8.001741444567038
8.491278293285488,0.630746298305235
11.035537610127196,12.425102396866865
20.0032753106387,19.080840301002937
9.882346534951902,5.377774872004343
12.148472091134302,17.34653552098626
4.813909034086121,7.687019477223421
-0.25428888889106993,6.1653181800813766
9.967155364232868,8.215748719377203
6.086150200233943,3.8256397832960705
16.90867576403693,27.235161197944834
1.3314379728846228,12.231898478990969
-0.1905986693545465,26.036880892653247
7.69463366298741,16.176369018818235
5.107947577720298,11.959806586394503
7.300483641957071,9.640390805423493
13.237279469173671,21.173763333925766
3.6110638604095007,6.718628664170696
4.260167727368691,30.428248896953047
11.746129273198443,15.583336207406743
32.90344042471854,15.200776221420764
1.9199546512330619,21.1746873345193
10.765999085136478,5.47917438999937
12.426806358967339,-4.390872850216271
14.563090458710663,10.778660231404052
14.05721939749903,28.48171662132507
6.774329359519274,14.089361977715999
3.2257970889296645,21.408068520024013
10.654835232478407,24.376136958764064
5.526173906240411,37.006262370286144
17.248106022936355,29.409801857295193
18.853448324396716,7.48610605064829
6.949633278206644,16.03511509160841
28.324459212830256,24.623994783567284
10.828436277116895,28.457807027851707
5.601708062580748,18.211019818493362
20.9533034963884,-4.961423449544116
12.262639296428443,23.170880442355017
16.663056965024467,-0.930473433440488
1.5106732058581533,9.315023762593306
-4.232472097522718,12.056766557300305
-4.3736389075606485,18.596019510962705
0.9754646274684591,21.024562919311197
16.410731647101656,9.41541829061649
11.568363775723842,9.062543154716296
21.83808307529877,15.267824685385945
9.139792577780923,22.352338489134148
-6.974024580371854,7.986959490415116
-9.11470104388354,16.083744321231716
-20.2907398980854,13.979674456463535
-10.811185434023633,9.660055742853508
13.660972424408069,-1.6792376733594754
-2.7685127113555374,12.55481699091255
7.327097277467569,29.143581111886164
10.770576124194417,4.342935600829184
19.86677467663447,22.888721864426646
0.6175699597571356,10.016014158067666
12.004679251492956,11.110138352123009
17.802829316146816,29.7380798714832
-16.513286708494448,12.960599034789169
-5.184916756716959,23.493157322371136
16.2238678709411,14.896004273814679
20.36872531993637,32.09287338941681
-0.8395342613577057,8.999542789945982
-21.05166558416594,10.805786111818147
6.5100149243766445,8.893297456637951
4.5500480561150844,26.03591913424846
20.438422127343117,22.70941463873987
2.876158689687342,9.94455078177564
0.548163049308867,22.573559854121196
20.2051549175168,29.34101153301046
17.45042967387535,18.30730103758301
8.209905958403866,18.104269416284787
15.247971855572036,9.644007456611224
0.4001221516718356,24.12232591577545
15.149580378945496,8.256470399064483
20.81268885450875,10.866842255710493
8.481106830598748,24.495438067809154
32.18133289398553,31.665823028638556
22.549254561837806,24.380963273394094
-2.222268917539962,17.903664327801273
18.48419625765081,16.013575874084445
7.909297911423417,2.7691684148946702
6.172786283456297,26.165846065802246
5.753587645656776,11.171296214261123
21.510469728211106,9.714320880307412
13.202675093534419,12.801155484618217
5.106529016745812,27.71608863417366
6.304575631754638,18.122188920159154
18.356340062101314,28.693243032653804
-7.345278499253357,22.49924356261526
17.719826887392674,29.68976603100829
1.304120183765118,2.776964668043682
-4.239944100551311,16.359887553198114
6.628563647477822,20.97222257602036
2.035252309006176,26.979082263932657
12.304051200299641,23.3171209475333
13.334738784035993,15.277810160803075
8.562665060183225,23.745451521252345
23.377312912060965,7.466374962126226
8.340733107283237,15.918376068728225
1.790454365902706,6.857440632420111
64.71793172746804,75.62574038383934
74.80423560899553,67.11754181482462
54.545473771216436,43.15284064236036
75.05860701283241,71.38156353429459
53.35430392026769,76.16515885984371
24.367243498134535,68.46016601034705
47.110311350088885,72.19479586431522
50.60632511057506,60.05628721793026
58.10070938028325,60.964617427247376
46.4545282480733,69.04797174807634
51.02447427471006,62.06561095150718
56.33018010005617,51.0019066141115
72.27305323534948,54.40436831556234
50.75845951292232,57.35154451455691
63.56216900321002,60.85783177041128
51.87723582952294,64.32659567784518
67.29698827569881,55.27147051161418
68.95799466830586,48.72415839262179
76.04017602307518,59.1686885710358
45.08951828631221,59.890415262006684
44.304723854812245,60.76767952209283
58.932766338769625,52.43883620210691
65.06248364004779,54.18578878431769
50.88615321639508,70.10695691947622
71.98733556461468,71.7800094129675
63.138064412233476,53.047395612447545
64.4920557469821,41.04633094909558
47.3424061231011,48.72326436802576
49.984488089169886,68.66624326491544
53.941502447272924,62.251981753378544
47.683941182846304,58.67046396440138
70.88865637055177,51.7358808212484
54.88157526482366,54.030362976930725
65.91253859562512,36.85792811805569
74.84070431998063,48.304103412743096
60.58081945296812,63.064949971343424
60.21288920934708,63.27443158248612
65.02500182482527,65.04862599738172
42.080976585934486,46.661860024052764
57.9528058749077,69.50888996825954
69.34609524118207,58.13209059449882
56.77709592940708,58.007583161772814
44.33116674928154,46.15031113907877
78.16448418026775,56.867870909762814
70.37141447447613,71.80138532701824
66.72730824661922,52.00784082604238
52.4404038211488,46.077674895054415
66.78869881812548,45.86826620511436
70.84383202003548,66.62460925302565
77.56397989692942,66.1295714752399
47.56400605835849,85.76042094057628
58.810098923902785,63.0025820535334
65.89015481375941,62.05027615841236
64.41177010489109,33.76145123506516
62.467466302998126,51.65520311588091
73.49130842048396,46.36222699966579
65.03831646090227,53.967481741614556
84.75707464239082,69.51714133087626
47.34053090170339,38.9883212166949
46.83492661721864,61.01619313945415
57.70127154418481,61.79675795042971
70.75084706573672,55.5300745905303
73.37565962303213,52.42996920558487
57.414828997501274,77.88563516668026
52.40195967518356,40.975770587261415
48.178732298691,52.00613869439741
75.32435736500096,60.28389190108756
68.6416210268945,66.74678820128727
57.96806749488275,44.86501751773964
64.96521596106831,62.55240409156652
80.66661572611605,46.93339696199063
46.962223231094626,80.4579100465127
54.29242291219839,63.32876328101368
59.778022037826716,76.18167852379023
58.97860962573624,46.04938714281775
71.49993032755022,50.546114764183685
78.14550489768708,37.850434263128115
72.4593266216072,45.16655514002403
65.84437761275309,73.86779900029504
66.61287406526374,53.5916564548074
80.66377401351623,55.95076769021549
70.82345926087929,47.55323808334178
56.79421671831798,63.10952050840908
55.820813584380716,50.89794396615714
54.12980354073046,64.10968045278982
51.5524848959268,73.42264992451224
68.05458422695315,75.23162655867597
49.97175538303221,73.09293129240933
54.80224817980395,63.27003331427903
67.7796422680732,54.92002223900198
72.36075357771361,72.29656265270934
64.9164118902708,66.80092981878202
41.500785665399114,48.24854842261766
62.90434442940522,52.03129224418104
72.63950676966525,55.09724444262794
57.27103932871367,78.22347910296935
58.726792783839,66.26179834348962
50.25650019483595,47.18495060912757
41.120974729818165,72.72153787304113
51.00409928319227,50.15687279139693
59.3069661762681,62.51956302460929
57.29223496241454,54.77605305743893
42.5585939095069,57.83668855266312
50.96737060721217,67.98340509095736
71.69914375032289,82.45442068584947
59.079237757366634,58.7445126359728
75.67004268383842,36.76906834292177
58.54092463717034,39.13496211588115
64.60523803178913,48.51724338363256
36.022819704041005,35.79187971219963
62.53369983743216,57.91398516469388
76.04157680473975,63.37598023641947
65.69934116998289,64.72947003306622
56.444899416939705,63.06366322933784
58.62421302768013,64.39942175491855
67.21781658261045,53.007490007683195
66.72628250513155,56.565063800227975
55.37706622687459,39.216315629874444
53.2467415667695,64.01797558248293
61.534063866523525,55.5757835227681
55.442382484115136,65.09290240554351
45.346147872133855,51.793273809089065
46.0365104080486,49.02545171012731
78.10142327376009,51.65833319586157
73.78623470694156,63.27110667715876
46.574931429676205,61.214571689070105
55.603677052792484,50.68260750014338
59.93317187324697,52.125888257801435
55.940438931616285,67.09332382290926
49.214531240331326,51.60035322875963
54.3087759268942,65.84851947908277
65.22240195764115,68.33820685487629
61.06820589789181,61.078820381501515
63.29280000883307,63.116621862741354
60.24424919001903,56.509199487438806
67.20285928122338,70.12586952949853
79.30103638192011,57.58302647685584
55.29852502541079,59.855212528179564
59.5551962294526,69.78523103576387
49.335429571798294,58.01282505414654
52.68351418485644,64.63621660335197
69.84136328162202,64.88831126022376
67.01151139894411,59.60169027732312
80.65153070330692,51.26915149889136
60.280060710786195,51.59039788512465
54.891648310177985,70.03574848194823
70.40339815844325,56.77622428721483
76.64353888378768,49.376053558698175
65.06812612374236,69.83847309335209
68.68675321019167,54.56012152094544
45.21682016747538,55.60660859994125
58.9964229542304,58.60055944500708
49.398393065094254,67.18257642409804
66.55910928793905,38.97702281135614
58.34066587709818,47.64757579324245
57.14547431570635,60.78458248102452
65.56607862188493,68.44424903082539
52.25579250441899,50.99052893047737
54.09228337447597,66.61056944018915
63.86354424257667,73.9572861097367
62.040047227392336,56.6709467576242
56.33775933631833,62.68006106504836
58.5852282070218,73.08774435259065
71.65373024809844,73.82332062565109
65.16404461430535,54.84874415967067
64.86604157757507,60.424021484326694
62.5325979954802,48.72111422413223
61.98650241865798,46.09964514351953
82.97256492228391,58.63901023287125
45.334421578993705,43.761389409823714
76.56297306184868,55.84047800658476
73.0403066898966,54.2691860240593
57.584187969624146,63.94317708673884
61.2193889896704,60.99848080639943
51.79234592428921,50.05699122731305
54.96506232706412,40.15230335387226
59.16791099981193,71.85697926455293
67.41844159560972,60.772410716659785
30.199766446342203,41.766563838551576
62.21346361804789,55.005416924513426
59.917743886240615,78.3405614241812
71.81768429259657,60.48682397335922
65.6330961870032,66.98660315946468
60.20241987072289,75.64121662980634
53.9286856486703,64.02838473359509
55.005351110566096,62.84868431921168
62.9485771660375,82.00349485928585
63.48895839698419,56.3560756290613
47.81122001872521,60.70066241809515
38.04968974660085,44.90954521037597
49.7743198936893,55.074063138171084
45.75265844574565,60.30350256183586
62.47097747451515,46.33482378594144
50.11187249958526,67.60627110463898
41.88937258762236,52.76216839788332
58.91337150881072,57.78151006538876
39.019187239858255,62.33278944350637
52.75996124841188,31.277012994038586
65.15315507735961,49.198469664621655
58.04062052499643,56.77691291346705
